gamma,alpha_est,expected_tokens_per_round,round_wall_ms_median,estimated_tpot_ms
1,0.882830626450116,1.882830626450116,66.49959273636341,35.31894574167915
2,0.882830626450116,2.6622205414484204,79.9573278054595,30.034073646639936
3,0.882830626450116,3.350289828355276,92.35311020165682,27.56570772475371
4,0.882830626450116,3.95773846795634,105.13461008667946,26.56431468069387
5,0.882830626450116,4.494012730991618,117.20672063529491,26.080638318403892
6,0.882830626450116,4.967452074576126,131.72020111232996,26.516652628917345
8,0.882830626450116,5.754412676612153,157.44871459901333,27.36138741646689
10,0.882830626450116,6.367761833340027,180.25752436369658,28.307830770289293
12,0.882830626450116,6.845799980466445,205.27365803718567,29.985342636785475
