{
  "rows": 25,
  "contexts": [
    64
  ],
  "source_counts": {
    "chat": {
      "64": 5
    },
    "code": {
      "64": 5
    },
    "json_config": {
      "64": 5
    },
    "math": {
      "64": 5
    },
    "natural_language": {
      "64": 5
    }
  },
  "natural_prefix_all_true": true,
  "topk_id_distinct_all_true": true,
  "probability_ranges_ok": true,
  "monotonic_acceptance_all_true": true,
  "seq_formula_max_abs_error": 8.717935706670232e-08,
  "seq_expected_vs_empirical_by_ctx": {
    "64": {
      "seq_top1_expected": 0.28284492015838625,
      "seq_top1_empirical": 0.36,
      "seq_top1_abs_diff": 0.07715507984161374,
      "seq_top2_expected": 0.3981880521774292,
      "seq_top2_empirical": 0.44,
      "seq_top2_abs_diff": 0.041811947822570805,
      "seq_top3_expected": 0.45959006309509276,
      "seq_top3_empirical": 0.52,
      "seq_top3_abs_diff": 0.06040993690490726,
      "seq_top4_expected": 0.5210926866531372,
      "seq_top4_empirical": 0.56,
      "seq_top4_abs_diff": 0.038907313346862815,
      "seq_top5_expected": 0.6189821243286133,
      "seq_top5_empirical": 0.64,
      "seq_top5_abs_diff": 0.021017875671386688
    }
  },
  "tokenizer_model_md5": {
    "Model/Llama-7B-Chat-Target/tokenizer.model": "eeec4125e9c7560836b4873b6f8e3025",
    "Model/Llama-68M-Draft/tokenizer.model": "eeec4125e9c7560836b4873b6f8e3025"
  }
}