context_len,k,n,greedy_accept,seq_accept,greedy_gain_vs_prev,seq_gain_vs_prev,seq_minus_greedy
64,1,25,0.2,0.28284492015838625,0.2,0.28284492015838625,0.08284492015838624
64,2,25,0.24,0.3981880521774292,0.04,0.11534313201904296,0.1581880521774292
64,3,25,0.28,0.45959006309509276,0.04,0.06140201091766358,0.17959006309509273
64,4,25,0.32,0.5210926866531372,0.04,0.061502623558044436,0.20109268665313723
64,5,25,0.44,0.6189821243286133,0.12,0.09788943767547607,0.17898212432861332
