gamma,alpha_est,expected_tokens_per_round,round_wall_ms_median,estimated_tpot_ms
1,0.7857142857142857,1.7857142857142856,114.54110220074654,64.14301723241806
2,0.7857142857142857,2.4030612244897958,127.30168364942074,52.9747982914787
4,0.7857142857142857,3.2692367763431904,152.4436865001917,46.629747836957776
