gamma,alpha_est,expected_tokens_per_round,round_wall_ms_median,estimated_tpot_ms
1,0.8863109048723898,1.8863109048723898,114.61055744439363,60.759102409020485
2,0.8863109048723898,2.671857924968104,127.66546197235584,47.781530888802735
3,0.8863109048723898,3.368096815168946,139.81754891574383,41.512330728156485
4,0.8863109048723898,3.9851809359502033,152.17111632227898,38.18424276537802
5,0.8863109048723898,4.532109321422222,164.3107170239091,36.25479999947281
6,0.8863109048723898,5.016857913650322,176.57114285975695,35.19556381681174
8,0.8863109048723898,5.8272886891840034,200.48713125288486,34.404873680792214
10,0.8863109048723898,6.463920169898346,224.64910801500082,34.75431349866651
12,0.8863109048723898,6.96402413247262,248.9336458966136,35.7456610088208
