gamma,alpha_est,expected_tokens_per_round,round_wall_ms_median,estimated_tpot_ms
2,0.7857142857142857,2.4030612244897958,78.93660292029381,32.848352807595724
4,0.7857142857142857,3.2692367763431904,102.58316434919834,31.37832202656881
