category,n,mean_entropy,std_entropy,median_entropy,p25_entropy,p75_entropy,mean_acceptance_rate
chat,100,3.405757250417955,0.37948677787354257,3.432699283672264,3.116874929721235,3.6692179398669396,0.425625
code,100,4.504891818832839,0.7855383604464486,4.51763760112226,3.8957104090368375,5.189607797190547,0.214375
logic,100,2.7764956098504716,0.9482916851636194,2.6622189370100386,2.0485299327574467,3.352309313748265,0.594375
math,100,3.183526203395286,0.741725194175437,3.03590658120811,2.772394765212084,3.584573011175962,0.480625
