category,dataset_id,n,mean_entropy,std_entropy,median_entropy,min_entropy,max_entropy,p10_entropy,p25_entropy,p75_entropy,p90_entropy,mean_acceptance_rate,mean_prompt_tokens,mean_proposed_tokens,iqr_entropy,cv_entropy
chat,daily_dialog,50,3.442044691665651,0.31713862911038276,3.472147433552891,2.789453871548176,4.292493114247918,3.041933045393671,3.233672005822882,3.66445795702748,3.8284238295513204,0.411875,23.12,32.0,0.43078595120459795,0.09213669708539292
chat,oasst1,50,3.3694698091702593,0.43323804105511415,3.378403912152862,2.519441073905909,4.250296052545309,2.915829999134439,3.06281182312523,3.647408892211388,4.014458253234625,0.439375,42.38,32.0,0.5845970690861577,0.12857751088198655
code,humaneval,50,4.145775801904383,0.5678657471778024,4.130432840669528,2.72888370975852,5.21156207472086,3.4617357294628164,3.856311986688524,4.519136348739266,4.821942782402038,0.260625,138.58,32.0,0.6628243620507424,0.1369745433211681
code,mbpp,50,4.864007835761295,0.8130623123198265,5.174494261853397,2.8591469498351216,5.935036554932594,3.4794091899384516,4.4633499681949615,5.453880445216782,5.568083040416241,0.168125,31.46,32.0,0.9905304770218208,0.16715892321184334
logic,logiqa,50,2.1354581694213812,0.5404594338867214,2.0850098145929223,0.8938272492960095,3.5047683524899185,1.4921657684695675,1.7865013472619466,2.4886651598862954,2.7822723047749607,0.74625,210.52,32.0,0.7021638126243488,0.25308827942678125
logic,strategyqa,50,3.4175330502795624,0.8283353272916226,3.3446935487154406,1.907148307063835,5.675716012716293,2.5562585977640992,2.9122207362088375,3.7601363073918037,4.2172398447990425,0.4425,21.76,32.0,0.8479155711829662,0.24237814678159814
math,gsm8k,50,2.7454514754374033,0.4733426915287379,2.8007860811048886,1.4784187639070296,3.906502257916145,2.1562003107741474,2.4200604660445606,3.0316462063783547,3.2353544518264243,0.51375,71.5,32.0,0.6115857403337941,0.17240978242142316
math,hendrycks_math,50,3.6216009313531687,0.7041554718559236,3.549939844524488,2.1391301036346704,5.370611988008022,2.8660775272292085,3.037518724333495,4.097067527036415,4.5315235743299125,0.4475,54.18,32.0,1.0595488027029205,0.19443209928511482
